,Entreprise,Nombre d'offres postés les 10 derniers jours,Contacté,Téléphone,Email
0, Groupe IGF,4,Non,,
1, Assistalents,2,Non,,
16, FED Finance,1,Non,,
29, Conservatoire Supérieur d'Ostéopathie,1,Non,,
28, GROUPE CONSEILS EXPERTISE,1,Non,,
27, ELINESS,1,Non,,
26, IFAS,1,Non,,
25, VISTA,1,Non,,
24, IHP Paris,1,Non,,
23, Comptalents,1,Non,,
22, DIGISAP SOLUTIONS,1,Non,,
21, HAAS AVOCATS,1,Non,,
20, Focus Recrutement,1,Non,,
19, Ergalis Bezons,1,Non,,
18, TOO Hôtel,1,Non,,
17, CERFAL,1,Non,,
15, CAUTIONEO,1,Non,,
14, CHEIL FRANCE,1,Non,,
13, LES BÂTISSEURS DU DÔME,1,Non,,
12, Comptacom,1,Non,,
11, Inpulse,1,Non,,
10, LHH Recruitment Solutions,1,Non,,
9, VILEBREQUIN,1,Non,,
8, Fédération française des véhicules d'époque,1,Non,,
7, Groupe Eram,1,Non,,
6, EURETUDES,1,Non,,
5, Pierre Yovanovitch,1,Non,,
4, DUALIS partner,1,Non,,
3, DELTATECH,1,Non,,
2, Key People Executives - Cabinet de recrutement,1,Non,,
30, Sportfive,1,Non,,
