company;Contacté;Notes;website_url;activity_sector
iscod;Non;;https://www.iscod.fr/;
partners consulting;Non;;https://www.partnersconsulting-of.com/page-de-maintenance/;
armée de l'air et de l'espace;Non;;https://www.defense.gouv.fr/air;
galeries lafayette;Oui;;https://www.galerieslafayette.com/;
aureïs formation;Oui;;https://www.aureisformation.fr/;
chanel;Non;;https://www.chanel.com/fr/;
grant thornton france;Non;;https://www.grantthornton.fr/fr/;
groupe kering;Non;;https://www.kering.com/fr/groupe/;
institut f2i;Non;;https://www.institut-f2i.fr/;
groupe igf;Non;;https://www.groupeigf.com/;
louis vuitton;Non;;https://fr.louisvuitton.com/fra-fr/homepage;
armée de terre française;Non;;https://www.defense.gouv.fr/terre;
société générale;Non;;https://particuliers.sg.fr/;
ifcv;Non;;https://www.ifcv.fr/;
exchange college;Non;;https://www.exchange-college.com/;
printemps;Non;;https://www.printemps.com/fr/fr;
porsche france s.a.s.;Non;;https://www.porsche.com/france/;
1001 vies habitat;Non;;https://www.1001vieshabitat.fr/;
nestenn immobilier;Non;;https://nestenn.com/;
capgemini;Non;;https://www.capgemini.com/fr-fr/;
era agence de la mairie;Non;;https://www.erafrance.com/agence-immobiliere-palaiseau-117;
era l'immobilière du centre;Non;;https://www.erafrance.com/agence-immobiliere-verrieres-le-buisson-351;
era la clef saint pierre;Non;;https://www.erafrance.com/agence-immobiliere-elancourt-285;
era agence de l'eglise;Non;;https://www.erafrance.com/agence-immobiliere-rosny-sous-bois-39;
hermes sellier;Non;;https://www.hermes.com/fr/fr/;
era agence bilan immobilier;Non;;https://www.erafrance.com/agence-immobiliere-viroflay-84;
era les gatines;Non;;https://www.erafrance.com/agence-immobiliere-plaisir-62;
era nsd immobilier;Non;;https://www.erafrance.com/agence-immobiliere-vitry-sur-seine-355;
era immoteam (s);Non;;https://www.erafrance.com/agence-immobiliere-champs-sur-marne-66;
era immobilier lsi;Non;;https://www.erafrance.com/agence-immobiliere-fresnes-110;
ramsay generale de sante;Non;;https://www.ramsaysante.fr/;
digital school of paris;Non;;https://www.digitalschool.paris/;
gan assurances;Non;;https://www.gan.fr/;
la sécu recrute;Non;;https://www.lasecurecrute.fr/accueil;
sephora;Non;;https://www.sephora.fr/;
maisons du monde;Non;;https://www.maisonsdumonde.com/;
era immoteam;Non;;https://www.erafrance.com/agence-immobiliere-noisy-le-grand-91;
hsbc;Non;;https://www.hsbc.fr/;
alain bousoussan avocats;Non;;https://www.alain-bensoussan.com/;
hermes international;Non;;https://fr.wikipedia.org/wiki/Herm%C3%A8s_International;
dalkia;Non;;https://www.dalkia.fr/;
sandro siège;Non;;https://fr.sandro-paris.com/fr/le-siege/LeSiege.html;
groupe atlantic;Non;;https://www.groupe-atlantic.fr/;
la française;Non;;https://www.la-francaise.com/fr/;
de corgnol & agnes;Non;;https://www.decorgnoletagnes.fr/;
siplec;Non;;https://www.siplec.leclerc/;
charlestown;Non;;https://charlestown.fr/;
ortec engineering;Non;;https://ortec-group.com/expertises/engineering/;
cea - commissariat à l'energie atomique;Non;;https://www.cea.fr/;
cea;Non;;https://www.cea.fr/;
dassault systemes;Non;;https://www.3ds.com/fr/;
era flandre crimee;Non;;https://www.erafrance.com/agence-immobiliere-paris-19-181;
economat des armees;Non;;https://www.economat-armees.com/;
mairie de drancy;Non;;https://www.drancy.fr/-1.html;
innocent france;Non;;https://www.innocent.fr/bienvenue;
era mlbd immobilier;Non;;https://www.erafrance.com/agence-immobiliere-montigny-le-bretonneux-204;
era acces immobilier;Non;;https://www.erafrance.com/agence-immobiliere-beynes-271;
fiducial;Non;;https://www.fiducial.fr/;
3f;Non;;https://www.groupe3f.fr/;
era la vallee immobiliere;Non;;https://www.erafrance.com/agence-immobiliere-villiers-sur-marne-215;
era amp immo;Non;;https://www.erafrance.com/agence-immobiliere-meaux-108;
balsan;Non;;https://www.balsan.com/;
vinci energies;Non;;https://www.vinci-energies.com/;
totalenergies;Non;;https://www.totalenergies.fr/;
agence france prestige;Non;;https://franceprestige.net/;
veolia;Non;;https://www.veolia.fr/;
aventa subsea and offshore specialists;Non;;https://www.aventa.fr/;
evolis;Non;;https://fr.evolis.com/;
ifae;Non;;https://www.ifae.fr/;
est ensemble;Non;;https://www.est-ensemble.fr/;
sodiaal;Non;;https://sodiaal.coop/;
théma services;Non;;https://www.thema-services.fr/;
assessfirst;Non;;https://www.assessfirst.com/fr/;
volvo group;Non;;https://www.volvogroup.com/fr/;
audi;Non;;https://www.audi.fr/fr/web/fr.html;
mahola;Non;;https://www.mahola.fr/;
pierre hermé paris;Non;;https://www.pierreherme.com/;
balenciaga;Non;;https://www.balenciaga.com/fr-fr;
banque bcp;Non;;https://www.banquebcp.fr/;
providence;Non;;https://www.larousse.fr/dictionnaires/francais/providence/64645;
pullman;Non;;https://pullman.accor.com/fr/france/index.shtml;
eiffage;Non;;https://www.eiffage.com/;
effience;Non;;https://www.larousse.fr/dictionnaires/francais/efficience/27930;
edf;Non;;https://www.edf.fr/;
edelman;Non;;https://www.edelman.fr/;
lululemon;Non;;https://www.lululemon.fr/fr-fr/home;
spie;Non;;https://www.spie.com/fr;
icon plc;Non;;https://www.iconplc.com/;
caisse des dépots;Non;;https://www.caissedesdepots.fr/;
groupe leader intérim;Non;;https://www.groupeleader.com/;
guldmann;Non;;https://www.guldmann.com/fr;
van cleef & arpels;Non;;https://www.vancleefarpels.com/fr/fr/home.html;
groupe adp;Non;;https://www.parisaeroport.fr/homepage-groupe;
grant thornton;Non;;https://www.grantthornton.fr/fr/;
grands moulins de paris;Non;;https://www.grandsmoulinsdeparis.com/;
gmf;Non;;https://www.gmf.fr/;
generali france;Non;;https://www.generali.fr/;
numberly;Non;;https://numberly.com/fr;
monceau assurances;Non;;https://www.monceauassurances.com/;
utb;Non;;https://www.utb.fr/;
amazon europe core;Non;;https://partenaires.amazon.fr/help/node/topic/GQK4NCU3ZMTXDKNR;
air products;Non;;https://www.airproducts.fr/;
one clinic;Non;;https://oneclinic.fr/;
henix;Non;;https://www.henix.com/;
ops partners;Non;;https://opspartners.fr/;
fnac darty;Non;;https://www.fnacdarty.com/;
cabinet d’avocats;Non;;https://www.jdbavocats.com/;
anfh;Non;;https://www.anfh.fr/;
approach people recruitment;Non;;https://www.approachpeople.com/;
melia hotels international;Non;;https://www.melia.com/fr;
fastned;Non;;https://fastnedcharging.com/fr/;
palmer;Non;;https://www.allocine.fr/film/fichefilm_gen_cfilm=256048.html;
intuis;Non;;https://groupe.intuis.fr/;
ea paris ouest;Non;;https://www.paris-ouest.fr/;
kelly services;Non;;https://www.kellyservices.fr/;
chronopost;Non;;https://www.chronopost.fr/fr/prehome;
bpifrance;Non;;https://www.bpifrance.fr/;
le taillevent;Non;;https://www.letaillevent.com/;
safran;Non;;https://www.safran-group.com/fr;
bouygues telecom;Non;;https://www.bouyguestelecom.fr/;
sodexo;Non;;https://www.sodexo.fr/;
acting-finances;Non;;https://acting.co/;
abylsen;Non;;https://abylsen.com/;
kocoya thinklab;Non;;https://kocoyathinklab.com/;
zeiss group;Non;;https://www.zeiss.fr/corporate/home.html;
crédit agricole assurances;Non;;https://www.ca-assurances.com/;
konica minolta;Non;;https://www.konicaminolta.fr/fr-fr;
e.leclerc;Non;;https://www.e.leclerc/;
coallia;Non;;https://coallia.org/;
leasecom;Non;;https://www.leasecom.fr/;
swiss life;Non;;https://www.swisslife.fr/home.html;
lefebvre sarrut;Non;;https://www.lefebvre-sarrut.eu/;
seqens;Non;;https://www.seqens.fr/;
ramsay santé;Non;;https://www.ramsaysante.fr/;
jacquet-brossard - groupe limagrain;Non;;https://www.jacquetbrossard.com/;
slidor;Non;;https://www.slidor.fr/;
additi;Non;;https://additi.ouest-france.fr/;
la tete dans la nuages;Non;;https://latetedanslesnuages.com/;
live nation;Non;;https://www.livenation.fr/;
3shape;Non;;https://www.3shape.com/fr;
bellerose belgium sa;Non;;https://www.bellerose.be/fr;
le groupe la poste;Non;;https://www.lapostegroupe.com/fr;
médecins sans frontières;Non;;https://www.msf.fr/;
ville d'argenteuil;Non;;https://www.argenteuil.fr/fr;
leader;Non;;https://www.europe-en-france.gouv.fr/fr/search/site/leader;
vilber;Non;;https://www.vilber.com/;
le food corner;Non;;https://lefoodcorner.com/;
métropole du grand paris;Non;;https://metropolegrandparis.fr/fr;
metro france;Non;;https://www.metro.fr/;
meridiam;Non;;https://www.meridiam.com/?lang=fr;
meritis;Non;;https://meritis.fr/;
mydral;Non;;https://www.mydral.com/;
museum national d’histoire naturelle;Non;;https://www.mnhn.fr/fr;
murex;Non;;https://fr.wikipedia.org/wiki/Murex_(nom_vernaculaire);
ville de bobigny;Non;;https://www.bobigny.fr/;
ville d'issy les moulineaux;Non;;https://www.issy.com/;
mra;Non;;https://mra.de/fr;
merci jérôme;Non;;https://mercijerome.com/;
mcgp;Non;;https://www.mcgp-sas.com/;
ville de cachan;Non;;https://www.ville-cachan.fr/;
vinci autoroutes;Non;;https://www.vinci-autoroutes.com/fr/;
vossloh cogifer s.a.;Non;;https://www.vossloh.com/fr/;
webhelp medica;Non;;https://webhelpmedica.com/;
madeho;Non;;https://www.madeho.fr/;
le figaro;Non;;https://www.lefigaro.fr/;
maaf;Non;;https://www.maaf.fr/fr/assurance;
ligue nationale contre le cancer;Non;;https://www.ligue-cancer.net/;
natixis;Non;;https://www.interepargne.natixis.com/;
vp&white;Non;;https://vpwhite.com/;
linedata services;Non;;https://fr.linedata.com/;
longevity partners;Non;;https://longevity-partners.com/fr/?locale=fr;
lunajets;Non;;https://www.lunajets.com/fr;
lr technologies groupe;Non;;https://lrtechnologies.fr/;
lumapps;Non;;https://www.lumapps.com/fr/solutions/pour-les-rh/;
maison francis kurkdjian;Non;;https://www.franciskurkdjian.com/eu-fr;
malakoff humanis;Non;;https://www.malakoffhumanis.com/;
volkswagen group retail france;Non;;https://volkswagengroup.fr/;
mbda;Non;;https://www.mbda-systems.com/recrutement-ensemble-pour-le-futur-de-la-defense-mbda-carrieres/;
legrand support;Non;;https://www.legrand.fr/nous-contacter;
md & ci;Non;;https://www.conceptindustrie.net/;
mcdonald's france;Non;;https://www.mcdonalds.fr/;
le cercle intérimaire;Non;;https://www.le-cercle-interimaire.fr/;
malongo;Non;;https://www.malongo.com/;
marriott international, inc;Non;;https://www.marriott.com/fr/marriott/aboutmarriott.mi;
marianne international;Non;;https://www.marianne-international.fr/;
vital finance & patrimoine;Non;;https://fr.linkedin.com/company/vital-finance-&-patrimoine;
manutan;Non;;https://www.manutan.fr/fr/maf;
mango;Non;;https://shop.mango.com/fr;
orpea;Non;;https://www.orpea.com/;
natixis sa;Non;;https://natixis.groupebpce.com/?lang=fr;
realease capital;Non;;https://www.realease-capital.fr/;
rwe onshore/pv europe & australia;Non;;https://www.rwe.com/en/the-group/rwe-renewables-europe-australia/;
rothschild & co;Non;;https://www.rothschildandco.com/fr/;
rosa paris;Non;;https://rosaparis.com/;
robocast;Non;;https://fr.indeed.com/q-robocast-emplois.html;
rituals cosmetics;Non;;https://www.rituals.com/fr-fr/home;
rentokil initial;Non;;https://www.rentokil-initial.fr/;
ras interim;Non;;https://www.ras-interim.fr/;
saab inc.;Non;;https://www.saab.com/markets/united-states;
quietalis;Non;;https://www.quietalis.com/;
quick;Non;;https://www.quick.fr/;
pénélope event;Non;;https://penelope.fr/accueil/;
purchease;Non;;https://purchease.com/;
potel et chabot;Non;;https://poteletchabot.com/;
pok;Non;;https://www.pok.fr/fr/accueil/;
place des tendances;Non;;https://www.placedestendances.com/fr/fr;
place dentaire;Non;;https://placedentaire.fr/;
talan;Non;;https://talan.com/;
near;Non;;https://near.org/;
sopra banking software;Non;;https://www.soprabanking.com/fr/;
solutec;Non;;https://www.solutec.fr/fr/;
société française de radiologie;Non;;https://www.radiologie.fr/accueil-sfr;
sncf réseau;Non;;https://www.sncf-reseau.com/fr;
smile, open source solutions;Non;;http://www.smile.eu/en;
staraqs;Non;;https://www.staraqs.com/;
stmicroelectronics;Non;;https://www.st.com/content/st_com/en.html;
super recruteur;Non;;https://www.hellowork-group.com/fr/actualites/decouvrez-le-nouveau-label-super-recruteur-par-hellowork/;
takara compagnie paris;Non;;https://beauty.takarabelmont.co.jp/region/takara-compagnie-paris-sarl/;
signify;Non;;https://www.signify.com/fr-fr;
systea infrastructures;Non;;http://www.elia-groupe.fr/systea/;
seine-saint-denis;Non;;https://seinesaintdenis.fr/;
segula technologies;Non;;https://www.segulatechnologies.com/fr/;
sda expertise;Non;;https://www.sdaexpertise.fr/;
scfi;Non;;https://www.scfi.fr/;
savs samsah 93 apf;Non;;https://annuaire.action-sociale.org/?p=serv--aide-medico-soc-pour-adultes-hand-930023494&details=caracteristiques;
saur;Non;;https://www.saurclient.fr/;
sapian;Non;;https://www.sapian.fr/;
sécuritas aviation;Non;;https://www.securitas.fr/contact/nos-agences/agences-securitas-aviation/;
tb 4 temps;Non;;https://entreprises.lefigaro.fr/tb-4-temps-92/entreprise-894666296;
upskills cadres et experts;Non;;https://upskills.fr/nos-solutions/recrutement-cadres-experts/;
onepoint;Non;;https://www.groupeonepoint.com/fr/;
ogf;Non;;https://www.ogf.fr/;
odalys groupe;Non;;https://www.odalys-groupe.com/;
octo technology;Non;;https://octo.com/;
nw;Non;;https://www.nw-groupe.com/fr/;
numéro 1 scolarité;Non;;https://www.numero1-scolarite.com/;
valege;Non;;https://www.valege.com/fr/;
novecology;Non;;https://novecology.fr/;
novavet;Non;;https://www.novavet.fr/;
nextgroup;Non;;https://www.nextgroup.fr/;
newrest;Non;;https://www.newrest.eu/fr/;
nestle operational services worldwide sa;Non;;https://www.nestle.ch/fr/info;
neoptim consulting;Non;;https://neoptimconsulting.com/;
neocorner;Non;;https://www.neocorner.fr/;
neo2;Non;;https://www.neo2.eu/;
universite paris nanterre;Non;;https://www.parisnanterre.fr/;
universcience;Non;;https://www.universcience.fr/fr/accueil;
oui.sncf;Non;;https://www.oui.sncf/;
technique solaire;Non;;https://techniquesolaire.com/;
technix hv;Non;;https://technix-hv.com/;
tessi;Non;;https://www.tessi.eu/fr/accueil/;
the north face;Non;;https://www.thenorthface.fr/;
the walt disney company (corporate);Non;;https://thewaltdisneycompany.com/;
thinkproject holding gmbh;Non;;https://thinkproject.com/fr/;
piano;Non;;https://fr.wikipedia.org/wiki/Piano;
philip morris international;Non;;https://www.pmi.com/;
pharma licensing club france;Non;;https://plcf.org/;
penser mieux l'énergie;Non;;https://www.pensermieux.com/;
tradalliance;Non;;http://www.tradalliance.com/;
ubs;Non;;https://www.ubs.com/fr/fr.html;
paris habitat;Non;;https://www.parishabitat.fr/;
paradox museum paris;Non;;https://www.paradoxmuseumparis.com/;
union access services;Non;;https://www.societe.com/societe/union-access-services-850658394.html;
universal medica;Non;;https://www.universalmedica.com/fr/;
point vision;Non;;https://www.pointvision.com/;
ifae business school;Non;;https://www.ifae.fr/formations/business/;
lch;Non;;https://lch-medical.com/;
chenut oliveira santiago;Non;;https://chenut.online/fr/home-frances/;
credit agricole titres;Non;;https://www.ca-titres.fr/;
coty;Non;;https://coty.com/;
consort group;Non;;https://consort-group.com/;
communauté de communes chinon vienne et loire;Non;;https://www.chinon-vienne-loire.fr/;
collège de paris développement;Non;;https://www.collegedeparis.fr/;
cojean;Non;;https://www.cojean.fr/;
clubfunding-group;Non;;https://www.clubfunding.fr/;
citygo;Non;;https://www.citygo.io/;
citya immobilier;Non;;https://www.citya.com/;
cio cibnatixis;Non;;https://fr.linkedin.com/in/mylene-haziza-91a251143;
cic crédit industriel et commercial;Non;;https://www.cic.fr/fr/index.html;
cfao;Non;;https://www.cfaogroup.com/fr/accueil/;
cezam;Non;;https://www.cezam.fr/;
cbre gws france;Non;;https://www.cbre.fr/services/optimiser-vos-performances-immobilieres/global-workplace-solutions;
cartier;Non;;https://www.cartier.com/fr-fr;
carhartt work in progress;Non;;https://www.carhartt-wip.com/en;
capgemini engineering;Non;;https://www.capgemini.com/fr-fr/notre-groupe/nous-connaitre/nos-marques/capgemini-engineering/;
candia;Non;;https://www.candia.fr/;
caisse des dépôts et consignations;Non;;https://www.caissedesdepots.fr/;
caceis;Non;;https://www.caceis.com/fr/;
cabinet de recrutement de travailleurs handicapés;Non;;https://www.defirh.fr/;
brunet;Non;;https://www.brunet-groupe.fr/;
credit industriel et commercial;Non;;https://www.cic.fr/fr/index.html;
crit france;Non;;https://www.crit-job.com/;
easyreprise;Non;;https://www.easyreprise.com/;
easylife;Non;;https://www.easy-life.fr/;
département de l'essonne;Non;;https://www.essonne.fr/;
drfip paris;Non;;https://lannuaire.service-public.fr/navigation/ile-de-france/paris/dr_fip;
dr martens;Non;;https://www.drmartens.com/fr/fr/;
distriplus;Non;;https://www.distriplus.org/;
disneyland paris;Non;;https://www.disneylandparis.com/fr-fr/;
direction des solidarités de la ville de paris;Non;;https://www.paris.fr/dossiers/centre-d-action-sociale-de-la-ville-de-paris-casvp-23;
diot-siaci;Non;;https://www.diot-siaci.com/;
digital college;Non;;https://digital-college.fr/;
dfm;Non;;https://dfm.fr/;
determinant;Non;;https://dictionnaire.lerobert.com/guide/qu-est-ce-qu-un-determinant;
destia;Non;;https://www.destia.fr/;
deskeo;Non;;https://www.deskeo.com/fr/;
delacommune et dumont sccc;Non;;https://delacommune-dumont.com/sccc/;
deichmann;Non;;https://www.deichmann.com/FR/fr/shop/welcome.html;
daven partners;Non;;https://fr.linkedin.com/company/daven-partners-consulting;
danew electronics;Non;;https://danew.fr/;
daimler buses france;Non;;https://locations.daimlertruck.com/en/career/locations/detail/sarcelles-daimler-buses-france-;
cuisines aviva clichy;Non;;https://www.pagesjaunes.fr/annuaire/clichy-92/aviva;
crédit agricole immobilier;Non;;https://www.ca-immobilier.fr/;
crédit agricole;Non;;https://www.credit-agricole.fr/;
croix-rouge française;Non;;https://www.croix-rouge.fr/;
brevo;Non;;https://www.brevo.com/fr/;
bpce achats;Non;;https://groupebpce.com/annuaire-des-entreprises/bpce-achats;
eiffage branche metal;Non;;https://www.eiffagemetal.com/;
apleona;Non;;https://apleona.ch/fr/;
apave;Non;;https://www.apave.com/fr-FR/;
angelina;Non;;https://www.angelina-paris.fr/;
ami paris;Non;;https://www.amiparis.com/fr;
american hospital of paris;Non;;https://www.american-hospital.org/;
amalo recrutement;Non;;https://www.amalo-recrutement.fr/;
altermundi;Non;;https://altermundi.com/;
alten;Non;;https://www.alten.fr/;
altarea management;Non;;https://www.altarea.com/;
all technics communication;Non;;https://alltechnics.fr/;
aljt;Non;;https://www.aljt.com/;
airsup;Non;;https://www.airsup.fr/;
bouygues construction;Non;;https://www.bouygues-construction.com/;
airap sa;Non;;http://www.airap.fr/;
aides;Non;;http://www.aides.org/;
agence profil paris;Non;;https://www.profil.fr/fr;
agence mg;Non;;https://agencemg.fr/;
agence alizée hôtesses;Non;;https://www.alizeehotesses.com/;
affaires étrangères et du développement international;Non;;https://www.diplomatie.gouv.fr/;
admr;Non;;https://www.admr.org/;
action contre la faim;Non;;https://www.actioncontrelafaim.org/;
abc liv;Non;;https://www.abcliv.fr/;
aptitude experts;Non;;https://aptitude-experts.com/;
arc'teryx;Non;;https://arcteryx.com/ie/fr/;
boralex;Non;;https://www.boralex.com/fr/;
bnp paribas;Non;;https://mabanque.bnpparibas/;
biocodex;Non;;https://www.biocodex.fr/fr/;
besins international;Non;;https://www.besins-healthcare.fr/;
bene gmbh;Non;;https://bene.com/;
bene bono;Non;;https://benebono.fr/;
beeline group;Non;;https://jobs.beeline-group.com/?locale=fr_FR;
beautéprivée;Non;;https://www.beauteprivee.fr/;
beaumarly;Non;;https://beaumarly.com/;
banque palatine;Non;;https://www.palatine.fr/;
banque delubac et compagnie;Non;;https://www.delubac.com/fr/;
axa en france;Non;;https://www.axa.fr/qui-sommes-nous.html;
avenir rh;Non;;https://www.avenir-rh.com/;
auto-entrepreneur;Non;;https://www.autoentrepreneur.urssaf.fr/;
audioptic;Non;;https://monportail.audioptic.fr/;
audiens;Non;;https://www.audiens.org/accueil.html;
auchan hypermarché sas;Non;;https://www.pappers.fr/entreprise/auchan-hypermarche-410409460;
asten santé;Non;;https://www.astensante.com/;
arteris;Non;;https://www.arteris.com/;
armonis;Non;;https://www.armonis.fr/;
armand thiery;Non;;https://www.armandthiery.fr/;
arkeup;Non;;https://www.arkeup.com/;
arcoa;Non;;http://www.atelier-arcoa.com/;
eden park;Non;;https://www.eden-park.com/;
eiffage route;Non;;https://www.eiffageroute.com/;
lazard;Non;;https://www.lazard.com/;
idf - keolis roissy pays de france ouest;Non;;https://me-deplacer.iledefrance-mobilites.fr/fiches-horaires/bus/pas-de-resultat?line&transporter=network%3AIDFM%3A1071%7CRoissy+Ouest;
intertrad;Non;;https://intertrad.fr/;
inter service esthetique;Non;;https://inter-service-esthetique.fr/;
institut de management d'aubervilliers;Non;;https://ima-school.com/;
inserm;Non;;https://www.inserm.fr/;
ins;Non;;https://gnius.esante.gouv.fr/fr/reglementation/fiches-reglementation/lidentite-nationale-de-sante-ins;
inria;Non;;https://www.inria.fr/fr;
inmemori;Non;;https://fr.inmemori.com/;
impactup cabinet conseil.;Non;;https://www.impactup.com/;
impact sales & marketing;Non;;https://agence-impact.com/fr/;
impact recrutement;Non;;https://www.impactrecrutement.fr/;
ifeth formation;Non;;https://www.ifeth.com/;
ifae accueil;Non;;https://www.ifae.fr/formations/accueil/;
idf - keolis argenteuil boucles de seine;Non;;https://www.iledefrance-mobilites.fr/actualites/locales/argenteuil-boucles-de-seine;
hachette livre;Non;;https://www.hachette.com/;
hyatt paris madeleine;Non;;https://www.hyatt.com/fr-FR/hotel/france/hyatt-paris-madeleine/madel;
hub one;Non;;https://www.hubone.fr/;
hospitality on;Non;;https://hospitality-on.com/fr;
hexagon;Non;;https://hexagon.com/fr/;
henley it;Non;;https://www.henley.fr/;
hello syndic;Non;;https://www.hello-syndic.fr/;
heineken entreprise;Non;;https://www.heinekenfrance.fr/;
hard rock international (usa), inc.;Non;;https://www.hardrock.com/;
haier;Non;;https://www.haier-europe.com/fr_FR/;
invivo;Non;;https://www.invivo-group.com/fr;
iscod alternance;Non;;https://www.iscod.fr/;
iserba;Non;;https://www.iserba.fr/;
itss;Non;;https://www2.gnb.ca/content/gnb/fr/ministeres/bmhc/maladies_transmissibles/content/maladies_et_infections_transmises_sexuellement_et_par_le_sang.html#:~:text=Une%20infection%20transmissible%20sexuellement%20(ITS,incluant%20les%20rapports%20sexuels%20oraux.;
latham & watkins llp;Non;;https://www.lw.com/;
lagardere;Non;;https://www.lagardere.com/;
la poste groupe;Non;;https://www.lapostegroupe.com/fr;
la maison du chocolat;Non;;https://www.lamaisonduchocolat.com/fr_fr;
la famille - finest lunch;Non;;https://www.lf.fr/;
la banque postale;Non;;https://www.labanquepostale.fr/;
l'atelier des chefs;Non;;https://www.atelierdeschefs.fr/;
kyowa kirin international;Non;;https://international.kyowa-kirin.com/;
ks services;Non;;https://www.ks-services.com/;
kpmg;Non;;https://kpmg.com/fr/fr/home.html;
klb group;Non;;https://www.klbgroup.com/;
khea concept;Non;;https://www.khea-concept.com/;
kelly tertiaire;Non;;https://www.kellyservices.fr/secteurs/tertiaire;
kedge business school;Non;;https://kedge.edu/;
kedge bs;Non;;https://kedge.edu/;
kaliti;Non;;https://www.kaliti.fr/;
kado events;Non;;https://www.kadoevents.com/;
jungheinrich france s.a.s.;Non;;https://www.jungheinrich.fr/;
jd sports;Non;;https://www.jdsports.fr/;
jahia;Non;;https://www.jahia.com/fr;
iéseg school of management;Non;;https://www.ieseg.fr/;
iziwork;Non;;https://iziwork.com/fr;
hachette livre editions larousse;Non;;https://www.hachette.fr/editeur/larousse;
h3 campus;Non;;https://www.h3campus.fr/;
ekimetrics;Non;;https://ekimetrics.com/;
foncia groupe;Non;;https://fr.foncia.com/notre-ambition;
fnac;Non;;https://www.fnac.com/;
ffb;Non;;https://www.ffbatiment.fr/;
fcai (fayat construction achats investissements);Non;;https://fcai.fayat.com/;
fairmat;Non;;https://www.fairmat.tech/;
extia ingenierie;Non;;https://www.extia-ingenierie.com/;
expertise france;Non;;https://www.expertisefrance.fr/;
exens solutions;Non;;https://www.exens-solutions.com/;
eurosyn;Non;;http://www.eurosyn.fr/;
euronext;Non;;https://live.euronext.com/fr/markets/paris;
erm group;Non;;https://www.erm.com/;
gustave roussy;Non;;https://www.gustaveroussy.fr/fr;
eri;Non;;https://www.eri.fr/;
eramet;Non;;https://www.eramet.com/fr/;
equans;Non;;https://www.equans.fr/;
epicene;Non;;https://fr.wiktionary.org/wiki/%C3%A9pic%C3%A8ne;
ennov;Non;;https://fr.ennov.com/;
engie energie services;Non;;https://www.engie.com/activites/services-a-lenergie;
engie;Non;;https://particuliers.engie.fr/;
emmaus connect;Non;;https://emmaus-connect.org/;
elysis idf;Non;;https://www.elysis.fr/;
elysis consulting;Non;;https://www.elysis.fr/;
elis;Non;;https://fr.elis.com/fr;
fondation de france;Non;;https://www.fondationdefrance.org/fr/;
foo seng;Non;;https://fooseng.com/;
force interim;Non;;https://force-interim.com/;
francare;Non;;https://francare.com/;
gse france;Non;;https://www.gsegroup.com/;
groupe puce et plume;Non;;https://www.puceplume.fr/;
groupe primonial;Non;;https://www.primonial.com/;
groupe poste habitat;Non;;https://www.postehabitat.com/;
groupe philéo;Non;;https://seregec.fr/;
groupe imf - imagerie moleculaire et fonctionnelle;Non;;https://www.imf-ccn.com/;
groupe imestia;Non;;https://www.groupe-imestia.fr/;
groupe helios - la courneuve siège;Non;;https://www.groupe-helios.com/agences/;
groupe gr5;Non;;https://www.facebook.com/groups/2608996042507559/;
groupe ficade;Non;;https://www.groupeficade.fr/;
groupe duval;Non;;https://www.groupeduval.com/;
groupe cyril lignac;Non;;https://cyrillignac.com/;
groupe crédit coopératif;Non;;https://www.credit-cooperatif.coop/votre-banque/une-autre-banque-est-possible/organisation-solide-solidaire/;
groupe chantelle lingerie;Non;;https://groupe.chantellelingerie.com/notre-groupe/;
groupe bpce;Non;;https://groupebpce.com/;
groupe barrière;Non;;https://www.groupebarriere.com/fr.html;
gms;Non;;https://www.e-marketing.fr/Definitions-Glossaire/GMS-Definition-Retail-Distribution-238200.htm;
gl events;Non;;https://www.gl-events.com/fr;
geodis;Non;;https://geodis.com/fr;
gecodis;Non;;https://fr.linkedin.com/company/gecodis-groupe-europeen-de-communication-et-de-distribution;
galileo global education france;Non;;https://www.ggeedu.fr/;
fromageries bel;Non;;https://www.groupe-bel.com/fr/;
frerejean freres;Non;;https://frerejeanfreres.com/;
frans bonhomme;Non;;https://www.fransbonhomme.fr/;
france terre d'asile;Non;;https://www.france-terre-asile.org/;
élivie;Non;;https://www.elivie.fr/;
